"id","nom","zone","revenu_annuel","type_acces","connexion_internet","frequence_acces","outil_numerique","frequence_utilisation","objectif_utilisation","impact","satisfaction","filiere","pays"
1,"maraicheur 1","Vallée de l’Ouémé",2162699.9,"Ordinateur","4G","Hebdomadaire","Mobile Money","Quotidienne","Communication","Accès facilité aux informations","Faible","Maraîchage","Bénin"
2,"maraicheur 2","Vallée de l’Ouémé",4928986.42,"Smartphone","2G","Hebdomadaire","Mobile Money","Hebdomadaire","Communication","Amélioration des ventes","Moyenne","Maraîchage","Bénin"
3,"maraicheur 3","Vallée de l’Ouémé",1193910.35,"Smartphone","2G","Hebdomadaire","Facebook","Mensuelle","Gestion financière","Accès facilité aux informations","Faible","Maraîchage","Bénin"
4,"maraicheur 4","Sémè Kpodji",909698,"Ordinateur","Wi-Fi","Hebdomadaire","WhatsApp","Quotidienne","Recherche d'informations","Réduction des coûts","Moyenne","Maraîchage","Bénin"
5,"maraicheur 5","Vallée de l’Ouémé",1138581.09,"Tablette","2G","Quotidienne","Mobile Money","Quotidienne","Communication","Amélioration des ventes","Faible","Maraîchage","Bénin"
6,"maraicheur 6","Sémè Kpodji",3605031.96,"Smartphone","2G","Hebdomadaire","Facebook","Mensuelle","Communication","Amélioration des ventes","Moyenne","Maraîchage","Bénin"
7,"maraicheur 7","Sémè Kpodji",3286654.18,"Ordinateur","2G","Quotidienne","WhatsApp","Mensuelle","Communication","Amélioration des ventes","Moyenne","Maraîchage","Bénin"
8,"maraicheur 8","Sémè Kpodji",4511273.53,"Ordinateur","Wi-Fi","Hebdomadaire","Mobile Money","Hebdomadaire","Recherche d'informations","Accès facilité aux informations","Faible","Maraîchage","Bénin"
9,"maraicheur 9","Vallée de l’Ouémé",3528495.92,"Smartphone","4G","Quotidienne","Mobile Money","Quotidienne","Recherche d'informations","Amélioration des ventes","Moyenne","Maraîchage","Bénin"
10,"maraicheur 10","Grand Popo",3816849.82,"Ordinateur","2G","Mensuelle","Mobile Money","Mensuelle","Recherche d'informations","Réduction des coûts","Élevée","Maraîchage","Bénin"
11,"maraicheur 11","Sémè Kpodji",2845110.77,"Smartphone","Wi-Fi","Hebdomadaire","Facebook","Mensuelle","Vente","Amélioration des ventes","Faible","Maraîchage","Bénin"
12,"maraicheur 12","Sémè Kpodji",3469273.02,"Smartphone","2G","Quotidienne","WhatsApp","Mensuelle","Vente","Accès facilité aux informations","Élevée","Maraîchage","Bénin"
13,"maraicheur 13","Grand Popo",4198124.57,"Ordinateur","4G","Mensuelle","Facebook","Quotidienne","Vente","Accès facilité aux informations","Faible","Maraîchage","Bénin"
14,"maraicheur 14","Sémè Kpodji",4038266.98,"Smartphone","4G","Hebdomadaire","Mobile Money","Mensuelle","Recherche d'informations","Accès facilité aux informations","Moyenne","Maraîchage","Bénin"
15,"maraicheur 15","Vallée de l’Ouémé",4909198.63,"Tablette","Wi-Fi","Mensuelle","WhatsApp","Mensuelle","Vente","Réduction des coûts","Élevée","Maraîchage","Bénin"
16,"maraicheur 16","Grand Popo",2477441.91,"Smartphone","3G","Hebdomadaire","Facebook","Quotidienne","Gestion financière","Accès facilité aux informations","Élevée","Maraîchage","Bénin"
17,"maraicheur 17","Vallée de l’Ouémé",1902659.91,"Smartphone","2G","Mensuelle","WhatsApp","Hebdomadaire","Gestion financière","Réduction des coûts","Faible","Maraîchage","Bénin"
18,"maraicheur 18","Vallée de l’Ouémé",2342637.29,"Ordinateur","2G","Mensuelle","Facebook","Quotidienne","Vente","Amélioration des ventes","Élevée","Maraîchage","Bénin"
19,"maraicheur 19","Grand Popo",547102,"Smartphone","2G","Quotidienne","Facebook","Hebdomadaire","Recherche d'informations","Accès facilité aux informations","Moyenne","Maraîchage","Bénin"
20,"maraicheur 20","Grand Popo",1327322.86,"Ordinateur","3G","Hebdomadaire","Mobile Money","Hebdomadaire","Communication","Réduction des coûts","Faible","Maraîchage","Bénin"
21,"maraicheur 21","Grand Popo",4292281.93,"Smartphone","2G","Mensuelle","Facebook","Quotidienne","Recherche d'informations","Réduction des coûts","Faible","Maraîchage","Bénin"
22,"maraicheur 22","Grand Popo",1540228.02,"Smartphone","3G","Quotidienne","Facebook","Mensuelle","Gestion financière","Amélioration des ventes","Moyenne","Maraîchage","Bénin"
23,"maraicheur 23","Vallée de l’Ouémé",1575949.8,"Smartphone","2G","Quotidienne","Facebook","Quotidienne","Communication","Réduction des coûts","Moyenne","Maraîchage","Bénin"
24,"maraicheur 24","Sémè Kpodji",845110.24,"Tablette","Wi-Fi","Mensuelle","Facebook","Hebdomadaire","Gestion financière","Amélioration des ventes","Moyenne","Maraîchage","Bénin"
25,"maraicheur 25","Vallée de l’Ouémé",1605756.55,"Tablette","2G","Hebdomadaire","Facebook","Hebdomadaire","Gestion financière","Réduction des coûts","Faible","Maraîchage","Bénin"
26,"maraicheur 26","Sémè Kpodji",3794608.42,"Ordinateur","4G","Mensuelle","Mobile Money","Quotidienne","Gestion financière","Accès facilité aux informations","Faible","Maraîchage","Bénin"
27,"maraicheur 27","Grand Popo",4313539.24,"Smartphone","4G","Hebdomadaire","WhatsApp","Hebdomadaire","Communication","Accès facilité aux informations","Faible","Maraîchage","Bénin"
28,"maraicheur 28","Sémè Kpodji",2738872.7,"Ordinateur","3G","Hebdomadaire","WhatsApp","Quotidienne","Recherche d'informations","Réduction des coûts","Moyenne","Maraîchage","Bénin"
29,"maraicheur 29","Vallée de l’Ouémé",2245590.63,"Tablette","3G","Hebdomadaire","Mobile Money","Quotidienne","Vente","Réduction des coûts","Élevée","Maraîchage","Bénin"
30,"maraicheur 30","Sémè Kpodji",1609020.47,"Ordinateur","2G","Quotidienne","Mobile Money","Hebdomadaire","Gestion financière","Amélioration des ventes","Faible","Maraîchage","Bénin"
31,"maraicheur 31","Grand Popo",999934.08,"Tablette","4G","Hebdomadaire","Mobile Money","Hebdomadaire","Gestion financière","Réduction des coûts","Faible","Maraîchage","Bénin"
32,"maraicheur 32","Vallée de l’Ouémé",2254974.96,"Ordinateur","Wi-Fi","Quotidienne","Mobile Money","Hebdomadaire","Recherche d'informations","Accès facilité aux informations","Faible","Maraîchage","Bénin"
33,"maraicheur 33","Vallée de l’Ouémé",3073708.91,"Tablette","2G","Quotidienne","Facebook","Hebdomadaire","Recherche d'informations","Réduction des coûts","Faible","Maraîchage","Bénin"
34,"maraicheur 34","Grand Popo",1476017.43,"Smartphone","2G","Quotidienne","WhatsApp","Mensuelle","Communication","Accès facilité aux informations","Faible","Maraîchage","Bénin"
35,"maraicheur 35","Vallée de l’Ouémé",2501456.01,"Smartphone","3G","Hebdomadaire","WhatsApp","Quotidienne","Communication","Amélioration des ventes","Faible","Maraîchage","Bénin"
36,"maraicheur 36","Sémè Kpodji",1480958.01,"Smartphone","2G","Hebdomadaire","Mobile Money","Quotidienne","Communication","Réduction des coûts","Élevée","Maraîchage","Bénin"
37,"maraicheur 37","Grand Popo",2760348.03,"Smartphone","3G","Mensuelle","Facebook","Quotidienne","Recherche d'informations","Accès facilité aux informations","Élevée","Maraîchage","Bénin"
38,"maraicheur 38","Vallée de l’Ouémé",2092570.57,"Tablette","3G","Mensuelle","Facebook","Quotidienne","Gestion financière","Amélioration des ventes","Élevée","Maraîchage","Bénin"
39,"maraicheur 39","Grand Popo",3424933.21,"Ordinateur","3G","Quotidienne","Mobile Money","Mensuelle","Gestion financière","Réduction des coûts","Élevée","Maraîchage","Bénin"
40,"maraicheur 40","Grand Popo",2186212.8,"Smartphone","3G","Hebdomadaire","WhatsApp","Hebdomadaire","Recherche d'informations","Accès facilité aux informations","Élevée","Maraîchage","Bénin"
41,"maraicheur 41","Sémè Kpodji",2099504.21,"Ordinateur","Wi-Fi","Hebdomadaire","Mobile Money","Quotidienne","Recherche d'informations","Réduction des coûts","Moyenne","Maraîchage","Bénin"
42,"maraicheur 42","Vallée de l’Ouémé",2901595.75,"Smartphone","Wi-Fi","Mensuelle","Mobile Money","Quotidienne","Recherche d'informations","Amélioration des ventes","Élevée","Maraîchage","Bénin"
43,"maraicheur 43","Vallée de l’Ouémé",3831504.62,"Tablette","Wi-Fi","Mensuelle","WhatsApp","Mensuelle","Communication","Accès facilité aux informations","Moyenne","Maraîchage","Bénin"
44,"maraicheur 44","Grand Popo",1494963.22,"Tablette","Wi-Fi","Mensuelle","WhatsApp","Mensuelle","Communication","Accès facilité aux informations","Moyenne","Maraîchage","Bénin"
45,"maraicheur 45","Vallée de l’Ouémé",2357357.53,"Smartphone","4G","Mensuelle","Mobile Money","Quotidienne","Recherche d'informations","Accès facilité aux informations","Faible","Maraîchage","Bénin"
46,"maraicheur 46","Grand Popo",1695590.09,"Ordinateur","Wi-Fi","Hebdomadaire","Mobile Money","Quotidienne","Vente","Amélioration des ventes","Faible","Maraîchage","Bénin"
47,"maraicheur 47","Vallée de l’Ouémé",3334878.74,"Tablette","4G","Quotidienne","Facebook","Hebdomadaire","Recherche d'informations","Accès facilité aux informations","Élevée","Maraîchage","Bénin"
48,"maraicheur 48","Sémè Kpodji",1327228.21,"Smartphone","4G","Quotidienne","Facebook","Mensuelle","Gestion financière","Réduction des coûts","Moyenne","Maraîchage","Bénin"
49,"maraicheur 49","Grand Popo",4386398.5,"Tablette","4G","Mensuelle","Mobile Money","Quotidienne","Gestion financière","Réduction des coûts","Moyenne","Maraîchage","Bénin"
50,"maraicheur 50","Sémè Kpodji",3859556.02,"Ordinateur","2G","Quotidienne","Facebook","Quotidienne","Vente","Réduction des coûts","Élevée","Maraîchage","Bénin"
51,"maraicheur 51","Grand Popo",3507280.92,"Smartphone","4G","Hebdomadaire","Mobile Money","Mensuelle","Recherche d'informations","Accès facilité aux informations","Faible","Maraîchage","Bénin"
52,"maraicheur 52","Grand Popo",3281080.43,"Smartphone","4G","Hebdomadaire","Mobile Money","Quotidienne","Communication","Amélioration des ventes","Faible","Maraîchage","Bénin"
53,"maraicheur 53","Vallée de l’Ouémé",2175071.27,"Smartphone","4G","Mensuelle","Facebook","Hebdomadaire","Gestion financière","Amélioration des ventes","Moyenne","Maraîchage","Bénin"
54,"maraicheur 54","Grand Popo",2884260.59,"Smartphone","Wi-Fi","Hebdomadaire","Mobile Money","Hebdomadaire","Communication","Réduction des coûts","Élevée","Maraîchage","Bénin"
55,"maraicheur 55","Sémè Kpodji",4436070.54,"Smartphone","3G","Quotidienne","Mobile Money","Mensuelle","Recherche d'informations","Réduction des coûts","Faible","Maraîchage","Bénin"
56,"maraicheur 56","Grand Popo",3117875.45,"Tablette","4G","Mensuelle","WhatsApp","Quotidienne","Recherche d'informations","Accès facilité aux informations","Moyenne","Maraîchage","Bénin"
57,"maraicheur 57","Grand Popo",4278954.94,"Ordinateur","4G","Quotidienne","Mobile Money","Mensuelle","Communication","Réduction des coûts","Élevée","Maraîchage","Bénin"
58,"maraicheur 58","Vallée de l’Ouémé",1906016.74,"Ordinateur","4G","Quotidienne","WhatsApp","Quotidienne","Gestion financière","Réduction des coûts","Faible","Maraîchage","Bénin"
59,"maraicheur 59","Grand Popo",3687306.45,"Ordinateur","2G","Mensuelle","Facebook","Mensuelle","Vente","Amélioration des ventes","Moyenne","Maraîchage","Bénin"
60,"maraicheur 60","Sémè Kpodji",1692580.13,"Tablette","2G","Hebdomadaire","WhatsApp","Mensuelle","Gestion financière","Accès facilité aux informations","Moyenne","Maraîchage","Bénin"
61,"maraicheur 61","Grand Popo",3174544.37,"Smartphone","4G","Quotidienne","Mobile Money","Quotidienne","Gestion financière","Amélioration des ventes","Moyenne","Maraîchage","Bénin"
62,"maraicheur 62","Vallée de l’Ouémé",2665804.1,"Ordinateur","3G","Quotidienne","Mobile Money","Mensuelle","Recherche d'informations","Accès facilité aux informations","Moyenne","Maraîchage","Bénin"
63,"maraicheur 63","Grand Popo",1692647.29,"Ordinateur","4G","Hebdomadaire","Facebook","Mensuelle","Gestion financière","Accès facilité aux informations","Moyenne","Maraîchage","Bénin"
64,"maraicheur 64","Vallée de l’Ouémé",3040656.96,"Smartphone","3G","Hebdomadaire","Facebook","Mensuelle","Vente","Accès facilité aux informations","Élevée","Maraîchage","Bénin"
65,"maraicheur 65","Sémè Kpodji",4609347,"Ordinateur","2G","Hebdomadaire","WhatsApp","Mensuelle","Communication","Accès facilité aux informations","Élevée","Maraîchage","Bénin"
66,"maraicheur 66","Vallée de l’Ouémé",4558434.75,"Smartphone","Wi-Fi","Hebdomadaire","Facebook","Mensuelle","Gestion financière","Réduction des coûts","Faible","Maraîchage","Bénin"
67,"maraicheur 67","Sémè Kpodji",1733749.8,"Smartphone","3G","Quotidienne","Mobile Money","Hebdomadaire","Recherche d'informations","Réduction des coûts","Élevée","Maraîchage","Bénin"
68,"maraicheur 68","Sémè Kpodji",1946672.4,"Ordinateur","3G","Mensuelle","Mobile Money","Mensuelle","Recherche d'informations","Amélioration des ventes","Élevée","Maraîchage","Bénin"
69,"maraicheur 69","Vallée de l’Ouémé",4935383.98,"Tablette","3G","Mensuelle","Mobile Money","Hebdomadaire","Gestion financière","Amélioration des ventes","Faible","Maraîchage","Bénin"
70,"maraicheur 70","Sémè Kpodji",3289969.9,"Smartphone","Wi-Fi","Hebdomadaire","Facebook","Mensuelle","Vente","Accès facilité aux informations","Élevée","Maraîchage","Bénin"
71,"maraicheur 71","Sémè Kpodji",4717913.4,"Tablette","2G","Mensuelle","WhatsApp","Hebdomadaire","Vente","Réduction des coûts","Moyenne","Maraîchage","Bénin"
72,"maraicheur 72","Vallée de l’Ouémé",2599397.16,"Smartphone","Wi-Fi","Mensuelle","Facebook","Quotidienne","Recherche d'informations","Amélioration des ventes","Faible","Maraîchage","Bénin"
73,"maraicheur 73","Vallée de l’Ouémé",2330746.67,"Ordinateur","2G","Mensuelle","Mobile Money","Quotidienne","Recherche d'informations","Réduction des coûts","Faible","Maraîchage","Bénin"
74,"maraicheur 74","Grand Popo",3466536.46,"Smartphone","2G","Hebdomadaire","Facebook","Mensuelle","Recherche d'informations","Réduction des coûts","Moyenne","Maraîchage","Bénin"
75,"maraicheur 75","Sémè Kpodji",1185559.78,"Ordinateur","4G","Mensuelle","Mobile Money","Quotidienne","Vente","Réduction des coûts","Moyenne","Maraîchage","Bénin"
76,"maraicheur 76","Sémè Kpodji",3077901.76,"Ordinateur","4G","Mensuelle","Mobile Money","Hebdomadaire","Recherche d'informations","Amélioration des ventes","Élevée","Maraîchage","Bénin"
77,"maraicheur 77","Grand Popo",1574267.12,"Ordinateur","2G","Hebdomadaire","WhatsApp","Quotidienne","Gestion financière","Accès facilité aux informations","Faible","Maraîchage","Bénin"
78,"maraicheur 78","Sémè Kpodji",4830615.21,"Tablette","2G","Hebdomadaire","Facebook","Hebdomadaire","Gestion financière","Accès facilité aux informations","Faible","Maraîchage","Bénin"
79,"maraicheur 79","Grand Popo",3206145.77,"Smartphone","4G","Mensuelle","Facebook","Hebdomadaire","Vente","Réduction des coûts","Élevée","Maraîchage","Bénin"
80,"maraicheur 80","Grand Popo",2817633.77,"Smartphone","2G","Hebdomadaire","Facebook","Quotidienne","Communication","Réduction des coûts","Faible","Maraîchage","Bénin"
81,"maraicheur 81","Sémè Kpodji",2311580.04,"Smartphone","4G","Mensuelle","Facebook","Quotidienne","Recherche d'informations","Réduction des coûts","Élevée","Maraîchage","Bénin"
82,"maraicheur 82","Vallée de l’Ouémé",4461109.44,"Smartphone","Wi-Fi","Hebdomadaire","Facebook","Hebdomadaire","Recherche d'informations","Amélioration des ventes","Élevée","Maraîchage","Bénin"
83,"maraicheur 83","Vallée de l’Ouémé",2138413.39,"Tablette","3G","Hebdomadaire","WhatsApp","Mensuelle","Communication","Accès facilité aux informations","Moyenne","Maraîchage","Bénin"
84,"maraicheur 84","Grand Popo",1797076.76,"Smartphone","2G","Quotidienne","WhatsApp","Quotidienne","Communication","Amélioration des ventes","Élevée","Maraîchage","Bénin"
85,"maraicheur 85","Sémè Kpodji",1267903.56,"Ordinateur","2G","Hebdomadaire","Mobile Money","Hebdomadaire","Vente","Réduction des coûts","Élevée","Maraîchage","Bénin"
86,"maraicheur 86","Grand Popo",1274772.86,"Smartphone","4G","Mensuelle","WhatsApp","Quotidienne","Communication","Accès facilité aux informations","Élevée","Maraîchage","Bénin"
87,"maraicheur 87","Sémè Kpodji",2669191.72,"Ordinateur","Wi-Fi","Quotidienne","Mobile Money","Hebdomadaire","Vente","Amélioration des ventes","Élevée","Maraîchage","Bénin"
88,"maraicheur 88","Grand Popo",1638342.18,"Ordinateur","3G","Quotidienne","Mobile Money","Mensuelle","Vente","Amélioration des ventes","Élevée","Maraîchage","Bénin"
89,"maraicheur 89","Vallée de l’Ouémé",1473146.55,"Smartphone","4G","Mensuelle","Facebook","Hebdomadaire","Gestion financière","Réduction des coûts","Élevée","Maraîchage","Bénin"
90,"maraicheur 90","Vallée de l’Ouémé",3534693.75,"Smartphone","3G","Hebdomadaire","Mobile Money","Hebdomadaire","Gestion financière","Accès facilité aux informations","Faible","Maraîchage","Bénin"
91,"maraicheur 91","Sémè Kpodji",714486.32,"Smartphone","2G","Quotidienne","Facebook","Mensuelle","Gestion financière","Amélioration des ventes","Faible","Maraîchage","Bénin"
92,"maraicheur 92","Vallée de l’Ouémé",3653838.89,"Smartphone","3G","Quotidienne","WhatsApp","Quotidienne","Recherche d'informations","Réduction des coûts","Élevée","Maraîchage","Bénin"
93,"maraicheur 93","Grand Popo",2083498.87,"Tablette","4G","Mensuelle","WhatsApp","Hebdomadaire","Gestion financière","Amélioration des ventes","Élevée","Maraîchage","Bénin"
94,"maraicheur 94","Sémè Kpodji",2340247.99,"Smartphone","3G","Mensuelle","Facebook","Mensuelle","Vente","Amélioration des ventes","Faible","Maraîchage","Bénin"
95,"maraicheur 95","Sémè Kpodji",4194280.96,"Smartphone","4G","Mensuelle","WhatsApp","Mensuelle","Vente","Accès facilité aux informations","Moyenne","Maraîchage","Bénin"
96,"maraicheur 96","Vallée de l’Ouémé",4634858.07,"Smartphone","4G","Quotidienne","Mobile Money","Quotidienne","Vente","Accès facilité aux informations","Moyenne","Maraîchage","Bénin"
97,"maraicheur 97","Sémè Kpodji",1771377.49,"Ordinateur","2G","Hebdomadaire","Facebook","Mensuelle","Gestion financière","Accès facilité aux informations","Faible","Maraîchage","Bénin"
98,"maraicheur 98","Grand Popo",4824971.57,"Ordinateur","3G","Hebdomadaire","Facebook","Quotidienne","Gestion financière","Accès facilité aux informations","Faible","Maraîchage","Bénin"
99,"maraicheur 99","Vallée de l’Ouémé",3777774.93,"Tablette","Wi-Fi","Mensuelle","Mobile Money","Quotidienne","Gestion financière","Accès facilité aux informations","Moyenne","Maraîchage","Bénin"
100,"maraicheur 100","Vallée de l’Ouémé",3588687.87,"Ordinateur","2G","Mensuelle","WhatsApp","Mensuelle","Communication","Réduction des coûts","Faible","Maraîchage","Bénin"
101,"Éleveur 1","Autres zones",6773258.81,"Tablette","4G","Mensuelle","Application de paiement","Hebdomadaire","Gestion du lait","Négatif","Accès limité","Élevage Laitier","Sénégal"
102,"Éleveur 2","Autres zones",5613174.74,"Tablette","4G","Mensuelle","Plateforme de gestion","Quotidienne","Gestion du lait","Négatif","Accès limité","Élevage Laitier","Sénégal"
103,"Éleveur 3","Richard-Toll",3883169.06,"Smartphone","3G","Quotidienne","Application de collecte de lait","Hebdomadaire","Paiement","Neutre","Accès limité","Élevage Laitier","Sénégal"
104,"Éleveur 4","Richard-Toll",6232898.42,"Tablette","3G","Quotidienne","Plateforme de gestion","Quotidienne","Paiement","Positif","Usages restreints","Élevage Laitier","Sénégal"
105,"Éleveur 5","Autres zones",6556099.67,"Ordinateur","3G","Mensuelle","Plateforme de gestion","Mensuelle","Paiement","Positif","Accès limité","Élevage Laitier","Sénégal"
106,"Éleveur 6","Autres zones",4944470.84,"Smartphone","2G","Mensuelle","Plateforme de gestion","Hebdomadaire","Paiement","Négatif","Accès limité","Élevage Laitier","Sénégal"
107,"Éleveur 7","Autres zones",2533320.83,"Tablette","4G","Mensuelle","Application de collecte de lait","Mensuelle","Suivi de l’alimentation","Positif","Moins d’opportunités","Élevage Laitier","Sénégal"
108,"Éleveur 8","Autres zones",7435724.47,"Ordinateur","2G","Quotidienne","Plateforme de gestion","Quotidienne","Paiement","Neutre","Moins d’opportunités","Élevage Laitier","Sénégal"
109,"Éleveur 9","Autres zones",7730078.94,"Ordinateur","4G","Quotidienne","Application de collecte de lait","Quotidienne","Paiement","Négatif","Usages restreints","Élevage Laitier","Sénégal"
110,"Éleveur 10","Autres zones",8595232.37,"Tablette","3G","Quotidienne","Application de paiement","Mensuelle","Gestion du lait","Neutre","Accès limité","Élevage Laitier","Sénégal"
111,"Éleveur 11","Richard-Toll",5812831.42,"Tablette","3G","Quotidienne","Application de paiement","Hebdomadaire","Suivi de l’alimentation","Positif","Moins d’opportunités","Élevage Laitier","Sénégal"
112,"Éleveur 12","Richard-Toll",3720117.35,"Tablette","Wi-Fi","Quotidienne","Application de collecte de lait","Hebdomadaire","Suivi de l’alimentation","Négatif","Moins d’opportunités","Élevage Laitier","Sénégal"
113,"Éleveur 13","Autres zones",5108663.64,"Smartphone","3G","Mensuelle","Plateforme de gestion","Hebdomadaire","Gestion du lait","Neutre","Moins d’opportunités","Élevage Laitier","Sénégal"
114,"Éleveur 14","Autres zones",4459082.81,"Smartphone","3G","Hebdomadaire","Application de paiement","Mensuelle","Paiement","Neutre","Accès limité","Élevage Laitier","Sénégal"
115,"Éleveur 15","Autres zones",3241421.69,"Tablette","4G","Mensuelle","Plateforme de gestion","Quotidienne","Suivi de l’alimentation","Positif","Usages restreints","Élevage Laitier","Sénégal"
116,"Éleveur 16","Richard-Toll",6891640.7,"Tablette","3G","Mensuelle","Application de paiement","Mensuelle","Paiement","Positif","Moins d’opportunités","Élevage Laitier","Sénégal"
117,"Éleveur 17","Autres zones",9597913.32,"Smartphone","4G","Mensuelle","Application de collecte de lait","Quotidienne","Gestion du lait","Négatif","Moins d’opportunités","Élevage Laitier","Sénégal"
118,"Éleveur 18","Richard-Toll",3619746.62,"Tablette","4G","Mensuelle","Application de paiement","Hebdomadaire","Gestion du lait","Neutre","Accès limité","Élevage Laitier","Sénégal"
119,"Éleveur 19","Richard-Toll",6851701.78,"Ordinateur","Wi-Fi","Quotidienne","Plateforme de gestion","Hebdomadaire","Suivi de l’alimentation","Positif","Moins d’opportunités","Élevage Laitier","Sénégal"
120,"Éleveur 20","Richard-Toll",5827239.38,"Tablette","4G","Hebdomadaire","Application de paiement","Hebdomadaire","Gestion du lait","Positif","Moins d’opportunités","Élevage Laitier","Sénégal"
121,"Éleveur 21","Richard-Toll",6377066.8,"Tablette","2G","Hebdomadaire","Application de paiement","Hebdomadaire","Gestion du lait","Négatif","Accès limité","Élevage Laitier","Sénégal"
122,"Éleveur 22","Autres zones",1224084.43,"Smartphone","2G","Mensuelle","Application de paiement","Quotidienne","Paiement","Négatif","Accès limité","Élevage Laitier","Sénégal"
123,"Éleveur 23","Richard-Toll",1043575.66,"Smartphone","3G","Mensuelle","Application de collecte de lait","Hebdomadaire","Paiement","Positif","Accès limité","Élevage Laitier","Sénégal"
124,"Éleveur 24","Richard-Toll",2182404.29,"Smartphone","3G","Hebdomadaire","Application de collecte de lait","Hebdomadaire","Paiement","Neutre","Usages restreints","Élevage Laitier","Sénégal"
125,"Éleveur 25","Autres zones",1223353.93,"Smartphone","2G","Quotidienne","Plateforme de gestion","Mensuelle","Suivi de l’alimentation","Positif","Accès limité","Élevage Laitier","Sénégal"
126,"Éleveur 26","Richard-Toll",1829165.07,"Ordinateur","2G","Quotidienne","Application de paiement","Mensuelle","Suivi de l’alimentation","Négatif","Moins d’opportunités","Élevage Laitier","Sénégal"
127,"Éleveur 27","Richard-Toll",5280024.02,"Ordinateur","4G","Quotidienne","Application de collecte de lait","Hebdomadaire","Paiement","Positif","Accès limité","Élevage Laitier","Sénégal"
128,"Éleveur 28","Richard-Toll",2769910.85,"Tablette","4G","Mensuelle","Application de collecte de lait","Mensuelle","Suivi de l’alimentation","Négatif","Accès limité","Élevage Laitier","Sénégal"
129,"Éleveur 29","Richard-Toll",8332065.54,"Tablette","2G","Quotidienne","Plateforme de gestion","Hebdomadaire","Gestion du lait","Neutre","Moins d’opportunités","Élevage Laitier","Sénégal"
130,"Éleveur 30","Richard-Toll",3196533.05,"Ordinateur","3G","Hebdomadaire","Application de collecte de lait","Mensuelle","Gestion du lait","Positif","Moins d’opportunités","Élevage Laitier","Sénégal"
131,"Éleveur 31","Richard-Toll",5399268.74,"Smartphone","2G","Hebdomadaire","Application de collecte de lait","Quotidienne","Suivi de l’alimentation","Négatif","Accès limité","Élevage Laitier","Sénégal"
132,"Éleveur 32","Richard-Toll",6839942.32,"Smartphone","2G","Hebdomadaire","Plateforme de gestion","Quotidienne","Paiement","Négatif","Usages restreints","Élevage Laitier","Sénégal"
133,"Éleveur 33","Autres zones",2428448.23,"Tablette","3G","Quotidienne","Application de collecte de lait","Mensuelle","Suivi de l’alimentation","Négatif","Accès limité","Élevage Laitier","Sénégal"
134,"Éleveur 34","Autres zones",8532801.2,"Ordinateur","Wi-Fi","Hebdomadaire","Application de paiement","Quotidienne","Paiement","Neutre","Accès limité","Élevage Laitier","Sénégal"
135,"Éleveur 35","Richard-Toll",4929368.77,"Smartphone","3G","Mensuelle","Application de collecte de lait","Hebdomadaire","Gestion du lait","Neutre","Usages restreints","Élevage Laitier","Sénégal"
136,"Éleveur 36","Richard-Toll",3101459.73,"Smartphone","Wi-Fi","Mensuelle","Plateforme de gestion","Hebdomadaire","Gestion du lait","Positif","Usages restreints","Élevage Laitier","Sénégal"
137,"Éleveur 37","Richard-Toll",3689703.93,"Ordinateur","3G","Quotidienne","Application de paiement","Mensuelle","Paiement","Neutre","Moins d’opportunités","Élevage Laitier","Sénégal"
138,"Éleveur 38","Richard-Toll",2434792.03,"Tablette","2G","Mensuelle","Plateforme de gestion","Mensuelle","Suivi de l’alimentation","Neutre","Usages restreints","Élevage Laitier","Sénégal"
139,"Éleveur 39","Richard-Toll",6270103.94,"Smartphone","3G","Mensuelle","Application de collecte de lait","Quotidienne","Suivi de l’alimentation","Neutre","Usages restreints","Élevage Laitier","Sénégal"
140,"Éleveur 40","Richard-Toll",2339001.79,"Ordinateur","3G","Mensuelle","Application de paiement","Mensuelle","Paiement","Neutre","Moins d’opportunités","Élevage Laitier","Sénégal"
141,"Éleveur 41","Autres zones",2611536.04,"Smartphone","2G","Quotidienne","Plateforme de gestion","Mensuelle","Gestion du lait","Négatif","Usages restreints","Élevage Laitier","Sénégal"
142,"Éleveur 42","Richard-Toll",4052993.54,"Ordinateur","Wi-Fi","Hebdomadaire","Plateforme de gestion","Mensuelle","Gestion du lait","Négatif","Accès limité","Élevage Laitier","Sénégal"
143,"Éleveur 43","Richard-Toll",2655117.45,"Tablette","4G","Hebdomadaire","Application de collecte de lait","Quotidienne","Suivi de l’alimentation","Positif","Accès limité","Élevage Laitier","Sénégal"
144,"Éleveur 44","Richard-Toll",4649873.7,"Ordinateur","3G","Hebdomadaire","Plateforme de gestion","Hebdomadaire","Paiement","Neutre","Accès limité","Élevage Laitier","Sénégal"
145,"Éleveur 45","Autres zones",6522036.57,"Smartphone","2G","Hebdomadaire","Application de paiement","Mensuelle","Gestion du lait","Négatif","Moins d’opportunités","Élevage Laitier","Sénégal"
146,"Éleveur 46","Autres zones",7171042.01,"Tablette","3G","Quotidienne","Application de collecte de lait","Quotidienne","Paiement","Positif","Usages restreints","Élevage Laitier","Sénégal"
147,"Éleveur 47","Autres zones",8411730.4,"Tablette","4G","Hebdomadaire","Plateforme de gestion","Quotidienne","Paiement","Neutre","Moins d’opportunités","Élevage Laitier","Sénégal"
148,"Éleveur 48","Richard-Toll",4365839.02,"Smartphone","Wi-Fi","Quotidienne","Plateforme de gestion","Hebdomadaire","Suivi de l’alimentation","Positif","Moins d’opportunités","Élevage Laitier","Sénégal"
149,"Éleveur 49","Autres zones",9575569.04,"Ordinateur","2G","Hebdomadaire","Application de paiement","Hebdomadaire","Paiement","Neutre","Usages restreints","Élevage Laitier","Sénégal"
150,"Éleveur 50","Autres zones",1169489.43,"Smartphone","3G","Quotidienne","Application de collecte de lait","Quotidienne","Paiement","Négatif","Usages restreints","Élevage Laitier","Sénégal"
151,"Éleveur 51","Richard-Toll",6511374.75,"Smartphone","Wi-Fi","Hebdomadaire","Application de paiement","Hebdomadaire","Paiement","Négatif","Usages restreints","Élevage Laitier","Sénégal"
152,"Éleveur 52","Richard-Toll",5172163.87,"Smartphone","4G","Quotidienne","Application de collecte de lait","Quotidienne","Suivi de l’alimentation","Négatif","Accès limité","Élevage Laitier","Sénégal"
153,"Éleveur 53","Autres zones",4192566.58,"Tablette","3G","Mensuelle","Application de collecte de lait","Mensuelle","Paiement","Positif","Moins d’opportunités","Élevage Laitier","Sénégal"
154,"Éleveur 54","Autres zones",8941807.26,"Tablette","3G","Hebdomadaire","Plateforme de gestion","Mensuelle","Paiement","Positif","Moins d’opportunités","Élevage Laitier","Sénégal"
155,"Éleveur 55","Autres zones",1682225.73,"Ordinateur","4G","Quotidienne","Application de paiement","Hebdomadaire","Gestion du lait","Neutre","Moins d’opportunités","Élevage Laitier","Sénégal"
156,"Éleveur 56","Autres zones",8949620.72,"Ordinateur","2G","Quotidienne","Application de paiement","Quotidienne","Paiement","Positif","Moins d’opportunités","Élevage Laitier","Sénégal"
157,"Éleveur 57","Autres zones",2693996.52,"Ordinateur","3G","Quotidienne","Application de collecte de lait","Hebdomadaire","Suivi de l’alimentation","Neutre","Usages restreints","Élevage Laitier","Sénégal"
158,"Éleveur 58","Autres zones",2935600.72,"Tablette","2G","Hebdomadaire","Plateforme de gestion","Quotidienne","Suivi de l’alimentation","Négatif","Usages restreints","Élevage Laitier","Sénégal"
159,"Éleveur 59","Autres zones",8825790.62,"Ordinateur","4G","Quotidienne","Plateforme de gestion","Quotidienne","Suivi de l’alimentation","Neutre","Accès limité","Élevage Laitier","Sénégal"
160,"Éleveur 60","Autres zones",1547542.51,"Smartphone","Wi-Fi","Quotidienne","Application de paiement","Quotidienne","Gestion du lait","Positif","Usages restreints","Élevage Laitier","Sénégal"
161,"Éleveur 61","Richard-Toll",3114096.41,"Smartphone","Wi-Fi","Mensuelle","Plateforme de gestion","Mensuelle","Suivi de l’alimentation","Négatif","Moins d’opportunités","Élevage Laitier","Sénégal"
162,"Éleveur 62","Richard-Toll",9937139.62,"Smartphone","2G","Hebdomadaire","Plateforme de gestion","Quotidienne","Suivi de l’alimentation","Positif","Accès limité","Élevage Laitier","Sénégal"
163,"Éleveur 63","Autres zones",7103779.55,"Smartphone","Wi-Fi","Mensuelle","Application de collecte de lait","Hebdomadaire","Suivi de l’alimentation","Positif","Moins d’opportunités","Élevage Laitier","Sénégal"
164,"Éleveur 64","Richard-Toll",4919381.2,"Tablette","Wi-Fi","Mensuelle","Application de collecte de lait","Hebdomadaire","Suivi de l’alimentation","Négatif","Usages restreints","Élevage Laitier","Sénégal"
165,"Éleveur 65","Autres zones",4395789.48,"Ordinateur","Wi-Fi","Mensuelle","Application de collecte de lait","Quotidienne","Paiement","Positif","Moins d’opportunités","Élevage Laitier","Sénégal"
166,"Éleveur 66","Richard-Toll",5150656.22,"Ordinateur","4G","Hebdomadaire","Application de collecte de lait","Mensuelle","Suivi de l’alimentation","Négatif","Usages restreints","Élevage Laitier","Sénégal"
167,"Éleveur 67","Richard-Toll",8216666.84,"Smartphone","2G","Quotidienne","Application de collecte de lait","Quotidienne","Gestion du lait","Positif","Accès limité","Élevage Laitier","Sénégal"
168,"Éleveur 68","Autres zones",6966702.78,"Tablette","2G","Mensuelle","Application de collecte de lait","Hebdomadaire","Suivi de l’alimentation","Neutre","Accès limité","Élevage Laitier","Sénégal"
169,"Éleveur 69","Autres zones",5194032.98,"Smartphone","Wi-Fi","Hebdomadaire","Application de paiement","Mensuelle","Paiement","Positif","Accès limité","Élevage Laitier","Sénégal"
170,"Éleveur 70","Richard-Toll",1479334.93,"Tablette","3G","Quotidienne","Application de collecte de lait","Quotidienne","Gestion du lait","Neutre","Usages restreints","Élevage Laitier","Sénégal"
171,"Éleveur 71","Autres zones",3134781.27,"Ordinateur","4G","Mensuelle","Application de paiement","Quotidienne","Suivi de l’alimentation","Négatif","Accès limité","Élevage Laitier","Sénégal"
172,"Éleveur 72","Richard-Toll",3099157.64,"Ordinateur","Wi-Fi","Hebdomadaire","Application de collecte de lait","Hebdomadaire","Gestion du lait","Positif","Usages restreints","Élevage Laitier","Sénégal"
173,"Éleveur 73","Richard-Toll",3075882.41,"Ordinateur","Wi-Fi","Mensuelle","Application de collecte de lait","Hebdomadaire","Suivi de l’alimentation","Négatif","Accès limité","Élevage Laitier","Sénégal"
174,"Éleveur 74","Autres zones",1555536.47,"Tablette","Wi-Fi","Mensuelle","Application de collecte de lait","Mensuelle","Paiement","Neutre","Moins d’opportunités","Élevage Laitier","Sénégal"
175,"Éleveur 75","Autres zones",5474067.48,"Smartphone","4G","Mensuelle","Application de paiement","Hebdomadaire","Gestion du lait","Neutre","Accès limité","Élevage Laitier","Sénégal"
176,"Éleveur 76","Autres zones",3197125.8,"Smartphone","4G","Mensuelle","Plateforme de gestion","Mensuelle","Paiement","Négatif","Moins d’opportunités","Élevage Laitier","Sénégal"
177,"Éleveur 77","Autres zones",7823669.85,"Smartphone","4G","Hebdomadaire","Application de collecte de lait","Hebdomadaire","Suivi de l’alimentation","Négatif","Moins d’opportunités","Élevage Laitier","Sénégal"
178,"Éleveur 78","Autres zones",5925724.1,"Ordinateur","4G","Mensuelle","Application de paiement","Quotidienne","Suivi de l’alimentation","Neutre","Usages restreints","Élevage Laitier","Sénégal"
179,"Éleveur 79","Autres zones",9532602.07,"Smartphone","Wi-Fi","Mensuelle","Application de paiement","Quotidienne","Paiement","Négatif","Usages restreints","Élevage Laitier","Sénégal"
180,"Éleveur 80","Richard-Toll",1775549.73,"Ordinateur","3G","Mensuelle","Application de collecte de lait","Quotidienne","Paiement","Neutre","Usages restreints","Élevage Laitier","Sénégal"
181,"Éleveur 81","Richard-Toll",9530943.26,"Ordinateur","4G","Hebdomadaire","Application de collecte de lait","Hebdomadaire","Gestion du lait","Positif","Moins d’opportunités","Élevage Laitier","Sénégal"
182,"Éleveur 82","Autres zones",7501589.81,"Ordinateur","4G","Quotidienne","Application de paiement","Quotidienne","Suivi de l’alimentation","Négatif","Accès limité","Élevage Laitier","Sénégal"
183,"Éleveur 83","Richard-Toll",9298041.44,"Tablette","3G","Quotidienne","Application de paiement","Mensuelle","Paiement","Neutre","Accès limité","Élevage Laitier","Sénégal"
184,"Éleveur 84","Richard-Toll",6524568.49,"Smartphone","4G","Hebdomadaire","Plateforme de gestion","Hebdomadaire","Suivi de l’alimentation","Neutre","Moins d’opportunités","Élevage Laitier","Sénégal"
185,"Éleveur 85","Autres zones",2448698.51,"Ordinateur","Wi-Fi","Hebdomadaire","Plateforme de gestion","Mensuelle","Suivi de l’alimentation","Neutre","Accès limité","Élevage Laitier","Sénégal"
186,"Éleveur 86","Richard-Toll",2646466.23,"Tablette","3G","Mensuelle","Application de collecte de lait","Mensuelle","Gestion du lait","Neutre","Accès limité","Élevage Laitier","Sénégal"
187,"Éleveur 87","Richard-Toll",7571652.06,"Smartphone","4G","Quotidienne","Application de collecte de lait","Hebdomadaire","Suivi de l’alimentation","Neutre","Accès limité","Élevage Laitier","Sénégal"
188,"Éleveur 88","Autres zones",6305730.85,"Tablette","Wi-Fi","Quotidienne","Application de paiement","Mensuelle","Suivi de l’alimentation","Négatif","Usages restreints","Élevage Laitier","Sénégal"
189,"Éleveur 89","Richard-Toll",3812341.26,"Smartphone","4G","Quotidienne","Application de collecte de lait","Mensuelle","Paiement","Neutre","Accès limité","Élevage Laitier","Sénégal"
190,"Éleveur 90","Richard-Toll",7955149.59,"Tablette","3G","Quotidienne","Plateforme de gestion","Mensuelle","Suivi de l’alimentation","Négatif","Usages restreints","Élevage Laitier","Sénégal"
191,"Éleveur 91","Autres zones",4026683.82,"Ordinateur","Wi-Fi","Quotidienne","Application de collecte de lait","Mensuelle","Suivi de l’alimentation","Positif","Moins d’opportunités","Élevage Laitier","Sénégal"
192,"Éleveur 92","Autres zones",8701090.22,"Smartphone","3G","Mensuelle","Application de collecte de lait","Hebdomadaire","Suivi de l’alimentation","Positif","Accès limité","Élevage Laitier","Sénégal"
193,"Éleveur 93","Richard-Toll",6224756.44,"Ordinateur","4G","Hebdomadaire","Plateforme de gestion","Hebdomadaire","Suivi de l’alimentation","Positif","Moins d’opportunités","Élevage Laitier","Sénégal"
194,"Éleveur 94","Autres zones",4741503.86,"Ordinateur","Wi-Fi","Mensuelle","Application de paiement","Mensuelle","Gestion du lait","Négatif","Accès limité","Élevage Laitier","Sénégal"
195,"Éleveur 95","Autres zones",9393155.07,"Smartphone","2G","Hebdomadaire","Application de paiement","Quotidienne","Gestion du lait","Négatif","Moins d’opportunités","Élevage Laitier","Sénégal"
196,"Éleveur 96","Autres zones",5164289.57,"Ordinateur","Wi-Fi","Quotidienne","Plateforme de gestion","Hebdomadaire","Paiement","Négatif","Moins d’opportunités","Élevage Laitier","Sénégal"
197,"Éleveur 97","Richard-Toll",1894116.97,"Smartphone","2G","Quotidienne","Application de collecte de lait","Hebdomadaire","Gestion du lait","Neutre","Usages restreints","Élevage Laitier","Sénégal"
198,"Éleveur 98","Autres zones",5189044.27,"Ordinateur","2G","Hebdomadaire","Plateforme de gestion","Hebdomadaire","Suivi de l’alimentation","Neutre","Accès limité","Élevage Laitier","Sénégal"
199,"Éleveur 99","Autres zones",9856754.72,"Tablette","Wi-Fi","Quotidienne","Application de collecte de lait","Quotidienne","Gestion du lait","Négatif","Moins d’opportunités","Élevage Laitier","Sénégal"
200,"Éleveur 100","Autres zones",9327455.79,"Ordinateur","4G","Quotidienne","Plateforme de gestion","Quotidienne","Suivi de l’alimentation","Neutre","Moins d’opportunités","Élevage Laitier","Sénégal"
201,"Producteur 1","Est",11128577.75,"Ordinateur","Wi-Fi","Quotidienne","Application de gestion des cultures","Quotidienne","Suivi de la qualité","Accès facilité aux informations","Faible","Cacao","Côte d'Ivoire"
202,"Producteur 2","Centre-Ouest",8304910.63,"Ordinateur","2G","Mensuelle","Plateforme de commercialisation","Hebdomadaire","Gestion des cultures","Accès facilité aux informations","Moyenne","Cacao","Côte d'Ivoire"
203,"Producteur 3","Centre-Ouest",11373777.93,"Smartphone","3G","Mensuelle","Application de gestion des cultures","Quotidienne","Gestion des cultures","Réduction des coûts","Faible","Cacao","Côte d'Ivoire"
204,"Producteur 4","Centre-Ouest",16137830.76,"Smartphone","Wi-Fi","Hebdomadaire","Application de gestion des cultures","Hebdomadaire","Vente","Réduction des coûts","Moyenne","Cacao","Côte d'Ivoire"
205,"Producteur 5","Ouest",12919523.88,"Ordinateur","4G","Mensuelle","Application de gestion des cultures","Mensuelle","Vente","Accès facilité aux informations","Élevée","Cacao","Côte d'Ivoire"
206,"Producteur 6","Ouest",2975183.01,"Smartphone","4G","Hebdomadaire","Application de gestion des cultures","Quotidienne","Suivi de la qualité","Amélioration des rendements","Élevée","Cacao","Côte d'Ivoire"
207,"Producteur 7","Ouest",4647857.68,"Tablette","2G","Quotidienne","Application de gestion des cultures","Quotidienne","Vente","Accès facilité aux informations","Faible","Cacao","Côte d'Ivoire"
208,"Producteur 8","Est",17000098.24,"Ordinateur","Wi-Fi","Quotidienne","Plateforme de commercialisation","Quotidienne","Vente","Amélioration des rendements","Faible","Cacao","Côte d'Ivoire"
209,"Producteur 9","Centre-Ouest",10108155.64,"Smartphone","Wi-Fi","Mensuelle","Plateforme de commercialisation","Quotidienne","Vente","Accès facilité aux informations","Moyenne","Cacao","Côte d'Ivoire"
210,"Producteur 10","Centre-Ouest",15767951.17,"Smartphone","2G","Hebdomadaire","Application de gestion des cultures","Mensuelle","Vente","Accès facilité aux informations","Moyenne","Cacao","Côte d'Ivoire"
211,"Producteur 11","Est",16545403.56,"Ordinateur","4G","Hebdomadaire","Plateforme de commercialisation","Quotidienne","Vente","Accès facilité aux informations","Moyenne","Cacao","Côte d'Ivoire"
212,"Producteur 12","Est",6641744.86,"Smartphone","3G","Mensuelle","Plateforme de commercialisation","Hebdomadaire","Vente","Réduction des coûts","Moyenne","Cacao","Côte d'Ivoire"
213,"Producteur 13","Est",5307488.85,"Tablette","Wi-Fi","Mensuelle","Application de gestion des cultures","Quotidienne","Suivi de la qualité","Amélioration des rendements","Moyenne","Cacao","Côte d'Ivoire"
214,"Producteur 14","Centre-Ouest",12786799.97,"Tablette","2G","Mensuelle","Plateforme de commercialisation","Mensuelle","Suivi de la qualité","Amélioration des rendements","Élevée","Cacao","Côte d'Ivoire"
215,"Producteur 15","Ouest",8103635.88,"Smartphone","4G","Hebdomadaire","Application de gestion des cultures","Mensuelle","Gestion des cultures","Accès facilité aux informations","Élevée","Cacao","Côte d'Ivoire"
216,"Producteur 16","Ouest",17833475.94,"Tablette","Wi-Fi","Quotidienne","Application de gestion des cultures","Mensuelle","Gestion des cultures","Amélioration des rendements","Faible","Cacao","Côte d'Ivoire"
217,"Producteur 17","Ouest",3385100.55,"Smartphone","3G","Hebdomadaire","Plateforme de commercialisation","Mensuelle","Gestion des cultures","Réduction des coûts","Faible","Cacao","Côte d'Ivoire"
218,"Producteur 18","Ouest",4001935.22,"Tablette","3G","Quotidienne","Plateforme de commercialisation","Quotidienne","Suivi de la qualité","Réduction des coûts","Moyenne","Cacao","Côte d'Ivoire"
219,"Producteur 19","Est",13130787.99,"Tablette","4G","Mensuelle","Application de gestion des cultures","Hebdomadaire","Gestion des cultures","Accès facilité aux informations","Moyenne","Cacao","Côte d'Ivoire"
220,"Producteur 20","Est",4536480.68,"Ordinateur","3G","Mensuelle","Plateforme de commercialisation","Quotidienne","Suivi de la qualité","Réduction des coûts","Faible","Cacao","Côte d'Ivoire"
221,"Producteur 21","Ouest",13625664.91,"Ordinateur","Wi-Fi","Hebdomadaire","Plateforme de commercialisation","Hebdomadaire","Gestion des cultures","Amélioration des rendements","Élevée","Cacao","Côte d'Ivoire"
222,"Producteur 22","Est",10728491.24,"Ordinateur","2G","Quotidienne","Application de gestion des cultures","Hebdomadaire","Gestion des cultures","Amélioration des rendements","Faible","Cacao","Côte d'Ivoire"
223,"Producteur 23","Est",15090776.97,"Tablette","2G","Quotidienne","Application de gestion des cultures","Mensuelle","Gestion des cultures","Réduction des coûts","Moyenne","Cacao","Côte d'Ivoire"
224,"Producteur 24","Est",7393747.56,"Tablette","2G","Quotidienne","Application de gestion des cultures","Hebdomadaire","Gestion des cultures","Accès facilité aux informations","Élevée","Cacao","Côte d'Ivoire"
225,"Producteur 25","Ouest",3114100.54,"Tablette","2G","Mensuelle","Plateforme de commercialisation","Quotidienne","Vente","Amélioration des rendements","Faible","Cacao","Côte d'Ivoire"
226,"Producteur 26","Ouest",8643502.86,"Smartphone","2G","Hebdomadaire","Application de gestion des cultures","Mensuelle","Vente","Amélioration des rendements","Moyenne","Cacao","Côte d'Ivoire"
227,"Producteur 27","Centre-Ouest",11311276.06,"Tablette","3G","Mensuelle","Plateforme de commercialisation","Quotidienne","Vente","Amélioration des rendements","Moyenne","Cacao","Côte d'Ivoire"
228,"Producteur 28","Ouest",15064964.46,"Ordinateur","Wi-Fi","Quotidienne","Application de gestion des cultures","Mensuelle","Vente","Amélioration des rendements","Faible","Cacao","Côte d'Ivoire"
229,"Producteur 29","Centre-Ouest",4278831.54,"Smartphone","2G","Mensuelle","Plateforme de commercialisation","Quotidienne","Gestion des cultures","Amélioration des rendements","Élevée","Cacao","Côte d'Ivoire"
230,"Producteur 30","Centre-Ouest",12143223.11,"Tablette","4G","Quotidienne","Application de gestion des cultures","Hebdomadaire","Suivi de la qualité","Amélioration des rendements","Faible","Cacao","Côte d'Ivoire"
231,"Producteur 31","Centre-Ouest",10497084.3,"Smartphone","2G","Hebdomadaire","Application de gestion des cultures","Mensuelle","Suivi de la qualité","Accès facilité aux informations","Élevée","Cacao","Côte d'Ivoire"
232,"Producteur 32","Centre-Ouest",18790812.77,"Tablette","4G","Mensuelle","Application de gestion des cultures","Hebdomadaire","Suivi de la qualité","Amélioration des rendements","Moyenne","Cacao","Côte d'Ivoire"
233,"Producteur 33","Ouest",18295759.09,"Tablette","Wi-Fi","Hebdomadaire","Plateforme de commercialisation","Mensuelle","Vente","Réduction des coûts","Élevée","Cacao","Côte d'Ivoire"
234,"Producteur 34","Centre-Ouest",3905225.58,"Smartphone","Wi-Fi","Mensuelle","Application de gestion des cultures","Hebdomadaire","Suivi de la qualité","Accès facilité aux informations","Élevée","Cacao","Côte d'Ivoire"
235,"Producteur 35","Ouest",6838652.6,"Smartphone","3G","Quotidienne","Plateforme de commercialisation","Hebdomadaire","Vente","Accès facilité aux informations","Élevée","Cacao","Côte d'Ivoire"
236,"Producteur 36","Centre-Ouest",14267589.2,"Smartphone","4G","Mensuelle","Plateforme de commercialisation","Hebdomadaire","Gestion des cultures","Accès facilité aux informations","Élevée","Cacao","Côte d'Ivoire"
237,"Producteur 37","Est",15501089.58,"Smartphone","Wi-Fi","Mensuelle","Application de gestion des cultures","Mensuelle","Gestion des cultures","Réduction des coûts","Élevée","Cacao","Côte d'Ivoire"
238,"Producteur 38","Est",10687523.44,"Tablette","2G","Hebdomadaire","Application de gestion des cultures","Hebdomadaire","Vente","Réduction des coûts","Moyenne","Cacao","Côte d'Ivoire"
239,"Producteur 39","Ouest",5307816.27,"Ordinateur","4G","Mensuelle","Application de gestion des cultures","Hebdomadaire","Vente","Amélioration des rendements","Faible","Cacao","Côte d'Ivoire"
240,"Producteur 40","Est",4151367.06,"Smartphone","3G","Mensuelle","Plateforme de commercialisation","Mensuelle","Vente","Accès facilité aux informations","Moyenne","Cacao","Côte d'Ivoire"
241,"Producteur 41","Centre-Ouest",7006605.86,"Ordinateur","2G","Quotidienne","Plateforme de commercialisation","Mensuelle","Gestion des cultures","Réduction des coûts","Moyenne","Cacao","Côte d'Ivoire"
242,"Producteur 42","Centre-Ouest",1853880.64,"Smartphone","4G","Mensuelle","Application de gestion des cultures","Mensuelle","Suivi de la qualité","Amélioration des rendements","Moyenne","Cacao","Côte d'Ivoire"
243,"Producteur 43","Centre-Ouest",13721799.85,"Tablette","3G","Quotidienne","Plateforme de commercialisation","Hebdomadaire","Gestion des cultures","Amélioration des rendements","Élevée","Cacao","Côte d'Ivoire"
244,"Producteur 44","Est",15179266.29,"Smartphone","4G","Mensuelle","Application de gestion des cultures","Mensuelle","Suivi de la qualité","Accès facilité aux informations","Élevée","Cacao","Côte d'Ivoire"
245,"Producteur 45","Ouest",5722133.89,"Smartphone","4G","Hebdomadaire","Application de gestion des cultures","Quotidienne","Gestion des cultures","Réduction des coûts","Faible","Cacao","Côte d'Ivoire"
246,"Producteur 46","Ouest",9872111.22,"Ordinateur","3G","Hebdomadaire","Application de gestion des cultures","Hebdomadaire","Gestion des cultures","Réduction des coûts","Moyenne","Cacao","Côte d'Ivoire"
247,"Producteur 47","Centre-Ouest",1841459.21,"Ordinateur","2G","Mensuelle","Plateforme de commercialisation","Hebdomadaire","Suivi de la qualité","Amélioration des rendements","Faible","Cacao","Côte d'Ivoire"
248,"Producteur 48","Centre-Ouest",2867052.11,"Smartphone","Wi-Fi","Quotidienne","Application de gestion des cultures","Hebdomadaire","Vente","Amélioration des rendements","Faible","Cacao","Côte d'Ivoire"
249,"Producteur 49","Centre-Ouest",18044795.96,"Tablette","2G","Quotidienne","Plateforme de commercialisation","Mensuelle","Gestion des cultures","Accès facilité aux informations","Moyenne","Cacao","Côte d'Ivoire"
250,"Producteur 50","Ouest",12687821.18,"Tablette","2G","Mensuelle","Application de gestion des cultures","Quotidienne","Suivi de la qualité","Accès facilité aux informations","Élevée","Cacao","Côte d'Ivoire"
251,"Producteur 51","Est",13173490,"Tablette","3G","Hebdomadaire","Application de gestion des cultures","Quotidienne","Suivi de la qualité","Amélioration des rendements","Élevée","Cacao","Côte d'Ivoire"
252,"Producteur 52","Centre-Ouest",9759040.3,"Smartphone","Wi-Fi","Quotidienne","Application de gestion des cultures","Mensuelle","Vente","Réduction des coûts","Moyenne","Cacao","Côte d'Ivoire"
253,"Producteur 53","Ouest",6314897.61,"Tablette","2G","Mensuelle","Application de gestion des cultures","Quotidienne","Vente","Amélioration des rendements","Moyenne","Cacao","Côte d'Ivoire"
254,"Producteur 54","Est",18954054.67,"Smartphone","3G","Hebdomadaire","Plateforme de commercialisation","Hebdomadaire","Suivi de la qualité","Réduction des coûts","Faible","Cacao","Côte d'Ivoire"
255,"Producteur 55","Ouest",1438362.76,"Ordinateur","2G","Hebdomadaire","Plateforme de commercialisation","Quotidienne","Suivi de la qualité","Amélioration des rendements","Élevée","Cacao","Côte d'Ivoire"
256,"Producteur 56","Ouest",4368941.8,"Smartphone","3G","Hebdomadaire","Plateforme de commercialisation","Quotidienne","Gestion des cultures","Accès facilité aux informations","Moyenne","Cacao","Côte d'Ivoire"
257,"Producteur 57","Centre-Ouest",19457134.42,"Ordinateur","Wi-Fi","Mensuelle","Application de gestion des cultures","Mensuelle","Vente","Accès facilité aux informations","Élevée","Cacao","Côte d'Ivoire"
258,"Producteur 58","Ouest",16195017.37,"Smartphone","4G","Hebdomadaire","Application de gestion des cultures","Quotidienne","Gestion des cultures","Réduction des coûts","Moyenne","Cacao","Côte d'Ivoire"
259,"Producteur 59","Ouest",19993369.27,"Tablette","4G","Mensuelle","Application de gestion des cultures","Quotidienne","Gestion des cultures","Réduction des coûts","Faible","Cacao","Côte d'Ivoire"
260,"Producteur 60","Centre-Ouest",5954125.6,"Ordinateur","4G","Hebdomadaire","Application de gestion des cultures","Hebdomadaire","Suivi de la qualité","Accès facilité aux informations","Élevée","Cacao","Côte d'Ivoire"
261,"Producteur 61","Est",12061470.51,"Ordinateur","Wi-Fi","Quotidienne","Application de gestion des cultures","Hebdomadaire","Gestion des cultures","Amélioration des rendements","Faible","Cacao","Côte d'Ivoire"
262,"Producteur 62","Est",2373589.16,"Ordinateur","2G","Quotidienne","Application de gestion des cultures","Mensuelle","Vente","Réduction des coûts","Moyenne","Cacao","Côte d'Ivoire"
263,"Producteur 63","Ouest",16243390.31,"Tablette","2G","Quotidienne","Plateforme de commercialisation","Mensuelle","Vente","Réduction des coûts","Moyenne","Cacao","Côte d'Ivoire"
264,"Producteur 64","Est",17730741.94,"Tablette","3G","Hebdomadaire","Application de gestion des cultures","Mensuelle","Suivi de la qualité","Réduction des coûts","Faible","Cacao","Côte d'Ivoire"
265,"Producteur 65","Ouest",17902961.24,"Ordinateur","2G","Mensuelle","Application de gestion des cultures","Mensuelle","Vente","Amélioration des rendements","Élevée","Cacao","Côte d'Ivoire"
266,"Producteur 66","Ouest",1215213.13,"Tablette","3G","Mensuelle","Application de gestion des cultures","Mensuelle","Suivi de la qualité","Réduction des coûts","Moyenne","Cacao","Côte d'Ivoire"
267,"Producteur 67","Centre-Ouest",5586610.76,"Ordinateur","2G","Mensuelle","Plateforme de commercialisation","Hebdomadaire","Suivi de la qualité","Amélioration des rendements","Élevée","Cacao","Côte d'Ivoire"
268,"Producteur 68","Ouest",12538109.05,"Tablette","2G","Hebdomadaire","Application de gestion des cultures","Quotidienne","Vente","Accès facilité aux informations","Moyenne","Cacao","Côte d'Ivoire"
269,"Producteur 69","Est",7891690.73,"Smartphone","2G","Hebdomadaire","Plateforme de commercialisation","Hebdomadaire","Suivi de la qualité","Accès facilité aux informations","Moyenne","Cacao","Côte d'Ivoire"
270,"Producteur 70","Est",14474964.53,"Tablette","3G","Quotidienne","Application de gestion des cultures","Mensuelle","Suivi de la qualité","Accès facilité aux informations","Faible","Cacao","Côte d'Ivoire"
271,"Producteur 71","Est",1799386.25,"Smartphone","3G","Hebdomadaire","Application de gestion des cultures","Mensuelle","Vente","Réduction des coûts","Moyenne","Cacao","Côte d'Ivoire"
272,"Producteur 72","Ouest",13486249.58,"Smartphone","Wi-Fi","Mensuelle","Application de gestion des cultures","Hebdomadaire","Vente","Réduction des coûts","Faible","Cacao","Côte d'Ivoire"
273,"Producteur 73","Est",5383099.4,"Ordinateur","Wi-Fi","Quotidienne","Application de gestion des cultures","Hebdomadaire","Suivi de la qualité","Accès facilité aux informations","Faible","Cacao","Côte d'Ivoire"
274,"Producteur 74","Centre-Ouest",6186570.08,"Smartphone","Wi-Fi","Hebdomadaire","Application de gestion des cultures","Hebdomadaire","Suivi de la qualité","Accès facilité aux informations","Moyenne","Cacao","Côte d'Ivoire"
275,"Producteur 75","Est",14930111.78,"Smartphone","4G","Mensuelle","Plateforme de commercialisation","Hebdomadaire","Vente","Amélioration des rendements","Faible","Cacao","Côte d'Ivoire"
276,"Producteur 76","Centre-Ouest",4386867.82,"Ordinateur","Wi-Fi","Quotidienne","Application de gestion des cultures","Hebdomadaire","Gestion des cultures","Réduction des coûts","Élevée","Cacao","Côte d'Ivoire"
277,"Producteur 77","Est",8327051.1,"Smartphone","4G","Mensuelle","Application de gestion des cultures","Mensuelle","Gestion des cultures","Réduction des coûts","Élevée","Cacao","Côte d'Ivoire"
278,"Producteur 78","Centre-Ouest",14002736.65,"Tablette","Wi-Fi","Mensuelle","Application de gestion des cultures","Mensuelle","Suivi de la qualité","Accès facilité aux informations","Moyenne","Cacao","Côte d'Ivoire"
279,"Producteur 79","Centre-Ouest",8888629.9,"Ordinateur","4G","Mensuelle","Plateforme de commercialisation","Hebdomadaire","Suivi de la qualité","Réduction des coûts","Moyenne","Cacao","Côte d'Ivoire"
280,"Producteur 80","Centre-Ouest",11301074.94,"Ordinateur","2G","Quotidienne","Application de gestion des cultures","Mensuelle","Gestion des cultures","Amélioration des rendements","Faible","Cacao","Côte d'Ivoire"
281,"Producteur 81","Ouest",9648607.72,"Tablette","2G","Quotidienne","Plateforme de commercialisation","Quotidienne","Vente","Accès facilité aux informations","Faible","Cacao","Côte d'Ivoire"
282,"Producteur 82","Ouest",3414224.33,"Ordinateur","3G","Mensuelle","Application de gestion des cultures","Quotidienne","Vente","Réduction des coûts","Faible","Cacao","Côte d'Ivoire"
283,"Producteur 83","Centre-Ouest",1592500.68,"Smartphone","2G","Hebdomadaire","Application de gestion des cultures","Mensuelle","Suivi de la qualité","Amélioration des rendements","Moyenne","Cacao","Côte d'Ivoire"
284,"Producteur 84","Centre-Ouest",4147410.87,"Tablette","Wi-Fi","Mensuelle","Application de gestion des cultures","Hebdomadaire","Vente","Amélioration des rendements","Moyenne","Cacao","Côte d'Ivoire"
285,"Producteur 85","Centre-Ouest",16178733.52,"Tablette","2G","Quotidienne","Plateforme de commercialisation","Quotidienne","Suivi de la qualité","Réduction des coûts","Élevée","Cacao","Côte d'Ivoire"
286,"Producteur 86","Ouest",3705372.71,"Smartphone","2G","Quotidienne","Plateforme de commercialisation","Mensuelle","Gestion des cultures","Réduction des coûts","Moyenne","Cacao","Côte d'Ivoire"
287,"Producteur 87","Est",2414375.99,"Smartphone","Wi-Fi","Quotidienne","Plateforme de commercialisation","Hebdomadaire","Vente","Amélioration des rendements","Moyenne","Cacao","Côte d'Ivoire"
288,"Producteur 88","Ouest",1542906.14,"Tablette","3G","Quotidienne","Plateforme de commercialisation","Mensuelle","Vente","Amélioration des rendements","Élevée","Cacao","Côte d'Ivoire"
289,"Producteur 89","Est",8930446.16,"Smartphone","2G","Quotidienne","Application de gestion des cultures","Quotidienne","Gestion des cultures","Accès facilité aux informations","Moyenne","Cacao","Côte d'Ivoire"
290,"Producteur 90","Centre-Ouest",17226532.71,"Smartphone","2G","Mensuelle","Plateforme de commercialisation","Hebdomadaire","Suivi de la qualité","Accès facilité aux informations","Moyenne","Cacao","Côte d'Ivoire"
291,"Producteur 91","Ouest",7279289.87,"Smartphone","2G","Mensuelle","Plateforme de commercialisation","Hebdomadaire","Vente","Amélioration des rendements","Faible","Cacao","Côte d'Ivoire"
292,"Producteur 92","Centre-Ouest",9444293.8,"Tablette","2G","Mensuelle","Plateforme de commercialisation","Mensuelle","Suivi de la qualité","Réduction des coûts","Élevée","Cacao","Côte d'Ivoire"
293,"Producteur 93","Centre-Ouest",8856181.48,"Ordinateur","4G","Mensuelle","Application de gestion des cultures","Hebdomadaire","Suivi de la qualité","Accès facilité aux informations","Élevée","Cacao","Côte d'Ivoire"
294,"Producteur 94","Est",7683264.9,"Smartphone","3G","Hebdomadaire","Application de gestion des cultures","Mensuelle","Gestion des cultures","Réduction des coûts","Élevée","Cacao","Côte d'Ivoire"
295,"Producteur 95","Centre-Ouest",18629155.31,"Smartphone","3G","Mensuelle","Plateforme de commercialisation","Mensuelle","Vente","Accès facilité aux informations","Moyenne","Cacao","Côte d'Ivoire"
296,"Producteur 96","Ouest",18671036.57,"Tablette","2G","Mensuelle","Application de gestion des cultures","Mensuelle","Vente","Amélioration des rendements","Faible","Cacao","Côte d'Ivoire"
297,"Producteur 97","Centre-Ouest",6325000.04,"Smartphone","Wi-Fi","Quotidienne","Application de gestion des cultures","Hebdomadaire","Gestion des cultures","Réduction des coûts","Moyenne","Cacao","Côte d'Ivoire"
298,"Producteur 98","Ouest",14856889.04,"Smartphone","3G","Quotidienne","Plateforme de commercialisation","Mensuelle","Gestion des cultures","Accès facilité aux informations","Moyenne","Cacao","Côte d'Ivoire"
299,"Producteur 99","Ouest",5118913.09,"Smartphone","Wi-Fi","Hebdomadaire","Plateforme de commercialisation","Hebdomadaire","Vente","Accès facilité aux informations","Moyenne","Cacao","Côte d'Ivoire"
300,"Producteur 100","Centre-Ouest",18864707.77,"Smartphone","3G","Quotidienne","Application de gestion des cultures","Mensuelle","Suivi de la qualité","Réduction des coûts","Élevée","Cacao","Côte d'Ivoire"
